Handle,Title,Body (HTML),Vendor,Product Category,Type,Tags,Published,Option1 Name,Option1 Value,Option2 Name,Option2 Value,Option3 Name,Option3 Value,Variant SKU,Variant Grams,Variant Inventory Tracker,Variant Inventory Qty,Variant Inventory Policy,Variant Fulfillment Service,Variant Price,Variant Compare At Price,Variant Requires Shipping,Variant Taxable,Variant Barcode,Image Src,Image Position,Image Alt Text,Gift Card,SEO Title,SEO Description,Google Shopping / Google Product Category,Variant Weight Unit,Status
fiery-pop,Fiery Pop — Peri Peri Makhana,"<p>Lotus seeds puffed in the drum until they hold their shape, then tossed in peri peri while still warm so the masala clings instead of settling at the bottom of the jar. Hot enough to notice, light enough to keep reaching for.</p><p><strong>Per 30 g serve:</strong> 104 kcal, 3 g protein, 2 g fibre, 3 g fat.</p>",YUKAI Foods,,Peri Peri Makhana,"YUKAI, mil-baith-ke, Mil Baith Ke, Spicy, Roasted, never fried, Vegan, Gluten free",TRUE,Pack size,30 g sachet,,,,,YK-FIERY-POP-30,30,shopify,100,deny,manual,84,,TRUE,TRUE,,p-fiery-pop.jpg,1,Fiery Pop Peri Peri Makhana by YUKAI,FALSE,Fiery Pop Peri Peri Makhana: Buy Roasted Fox Nuts Online | YUKAI,"Buy peri peri makhana online. Dry roasted lotus seeds tossed in peri peri masala, 104 kcal per 30 g, no palm oil. 30 g, 150 g and 500 g packs, delivered pan India.",,g,active
fiery-pop,,,,,,,,,150 g jar,,,,,YK-FIERY-POP-150,150,shopify,100,deny,manual,299,,TRUE,TRUE,,,,,FALSE,,,,g,
fiery-pop,,,,,,,,,500 g refill,,,,,YK-FIERY-POP-500,500,shopify,100,deny,manual,852,,TRUE,TRUE,,,,,FALSE,,,,g,
smokin-pop,Smokin’ Pop — BBQ Corn,"<p>Whole corn kernels roasted hard and dusted with a smoky barbecue mix. The one that disappears first.</p><p><strong>Per 30 g serve:</strong> 118 kcal, 4 g protein, 2 g fibre, 4 g fat.</p>",YUKAI Foods,,BBQ Corn,"YUKAI, mil-baith-ke, Mil Baith Ke, Smoky, Roasted, never fried, Vegan",TRUE,Pack size,30 g sachet,,,,,YK-SMOKIN-POP-30,30,shopify,100,deny,manual,70,,TRUE,TRUE,,p-smokin-pop.jpg,1,Smokin’ Pop BBQ Corn by YUKAI,FALSE,Smokin’ Pop BBQ Roasted Corn: Buy Online | YUKAI,"Buy BBQ roasted corn snacks online. Whole corn kernels dry roasted and dusted in smoky masala, no palm oil, no frying. Delivered pan India.",,g,active
smokin-pop,,,,,,,,,150 g jar,,,,,YK-SMOKIN-POP-150,150,shopify,100,deny,manual,249,,TRUE,TRUE,,,,,FALSE,,,,g,
smokin-pop,,,,,,,,,500 g refill,,,,,YK-SMOKIN-POP-500,500,shopify,100,deny,manual,710,,TRUE,TRUE,,,,,FALSE,,,,g,
mint-twist,Mint Twist — Pudina Makhana,"<p>Pudina and amchur over puffed makhana. Tangy rather than hot, for the people who pass on the peri peri jar.</p><p><strong>Per 30 g serve:</strong> 102 kcal, 3 g protein, 2 g fibre, 3 g fat.</p>",YUKAI Foods,,Pudina Makhana,"YUKAI, mil-baith-ke, Mil Baith Ke, Tangy, Roasted, never fried, Vegan",TRUE,Pack size,30 g sachet,,,,,YK-MINT-TWIST-30,30,shopify,100,deny,manual,84,,TRUE,TRUE,,p-mint-twist.jpg,1,Mint Twist Pudina Makhana by YUKAI,FALSE,Mint Twist Pudina Makhana: Buy Roasted Fox Nuts Online | YUKAI,"Buy pudina makhana online. Roasted fox nuts tossed in mint and amchur, no palm oil, under 105 kcal per 30 g. Delivered pan India.",,g,active
mint-twist,,,,,,,,,150 g jar,,,,,YK-MINT-TWIST-150,150,shopify,100,deny,manual,299,,TRUE,TRUE,,,,,FALSE,,,,g,
mint-twist,,,,,,,,,500 g refill,,,,,YK-MINT-TWIST-500,500,shopify,100,deny,manual,852,,TRUE,TRUE,,,,,FALSE,,,,g,
chatpat-chomp,Chatpat Chomp — Chat Masala Veg Mix,"<p>A light chat masala veg mix, roasted rather than fried, sized for a school tiffin.</p><p><strong>Per 30 g serve:</strong> 108 kcal, 2 g protein, 3 g fibre, 3 g fat.</p>",YUKAI Foods,,Chat Masala Veg Mix,"YUKAI, poshan-ka-pitara, Poshan Ka Pitara, Kids’ tiffin, Spicy, Roasted, never fried",TRUE,Pack size,30 g sachet,,,,,YK-CHATPAT-CHOMP-30,30,shopify,100,deny,manual,78,,TRUE,TRUE,,p-chatpat-chomp.jpg,1,Chatpat Chomp Chat Masala Veg Mix by YUKAI,FALSE,Chatpat Chomp Chat Masala Veg Mix: Kids Tiffin Snack | YUKAI,"Buy chat masala veg mix online. A healthy tiffin snack for kids, roasted not fried, no palm oil, sized for school lunch boxes. Delivered pan India.",,g,active
chatpat-chomp,,,,,,,,,150 g jar,,,,,YK-CHATPAT-CHOMP-150,150,shopify,100,deny,manual,279,,TRUE,TRUE,,,,,FALSE,,,,g,
chatpat-chomp,,,,,,,,,500 g refill,,,,,YK-CHATPAT-CHOMP-500,500,shopify,100,deny,manual,795,,TRUE,TRUE,,,,,FALSE,,,,g,
fruit-burst,Fruit Burst — Dehydrated Fruits,"<p>Fruit dried slowly with nothing added. The sweetness is the fruit’s own.</p><p><strong>Per 30 g serve:</strong> 112 kcal, 1 g protein, 4 g fibre, 0 g fat.</p>",YUKAI Foods,,Dehydrated Fruits,"YUKAI, poshan-ka-pitara, Poshan Ka Pitara, No added sugar, Vegan, Kids’ tiffin",TRUE,Pack size,30 g sachet,,,,,YK-FRUIT-BURST-30,30,shopify,100,deny,manual,98,,TRUE,TRUE,,p-fruit-burst.jpg,1,Fruit Burst Dehydrated Fruits by YUKAI,FALSE,"Fruit Burst Dehydrated Fruits, No Added Sugar | YUKAI","Buy dehydrated fruits online with no added sugar. A healthy tiffin snack and dry fruit alternative, vegan, delivered pan India.",,g,active
fruit-burst,,,,,,,,,150 g jar,,,,,YK-FRUIT-BURST-150,150,shopify,100,deny,manual,349,,TRUE,TRUE,,,,,FALSE,,,,g,
fruit-burst,,,,,,,,,500 g refill,,,,,YK-FRUIT-BURST-500,500,shopify,100,deny,manual,995,,TRUE,TRUE,,,,,FALSE,,,,g,
salted-gold,Salted Gold — Cashews,"<p>Whole graded cashews, roasted in small lots and salted lightly. The jar you keep for guests.</p><p><strong>Per 30 g serve:</strong> 176 kcal, 5 g protein, 1 g fibre, 14 g fat.</p>",YUKAI Foods,,Cashews,"YUKAI, mehmaan-nawazi, Mehmaan Nawazi, Whole kernel, Salted, Roasted, never fried",TRUE,Pack size,30 g sachet,,,,,YK-SALTED-GOLD-30,30,shopify,100,deny,manual,126,,TRUE,TRUE,,p-salted-gold.jpg,1,Salted Gold Cashews by YUKAI,FALSE,Salted Gold Cashews: Buy Roasted Cashews Online | YUKAI,"Buy roasted salted cashews online. Whole graded kernels, dry roasted with no palm oil. 150 g jars and 500 g refills, delivered pan India.",,g,active
salted-gold,,,,,,,,,150 g jar,,,,,YK-SALTED-GOLD-150,150,shopify,100,deny,manual,449,,TRUE,TRUE,,,,,FALSE,,,,g,
salted-gold,,,,,,,,,500 g refill,,,,,YK-SALTED-GOLD-500,500,shopify,100,deny,manual,1280,,TRUE,TRUE,,,,,FALSE,,,,g,
pepper-pop,Pepper Pop — Black Pepper Cashews,"<p>Whole cashews roasted with cracked black pepper. A sharper alternative to plain salted.</p><p><strong>Per 30 g serve:</strong> 178 kcal, 5 g protein, 1 g fibre, 14 g fat.</p>",YUKAI Foods,,Black Pepper Cashews,"YUKAI, mehmaan-nawazi, Mehmaan Nawazi, Whole kernel, Peppery, Roasted, never fried",TRUE,Pack size,30 g sachet,,,,,YK-PEPPER-POP-30,30,shopify,100,deny,manual,131,,TRUE,TRUE,,p-pepper-pop.jpg,1,Pepper Pop Black Pepper Cashews by YUKAI,FALSE,Pepper Pop Black Pepper Cashews: Buy Online | YUKAI,"Buy black pepper cashews online. Whole roasted kernels with cracked pepper, no palm oil. Delivered pan India, ideal for gifting.",,g,active
pepper-pop,,,,,,,,,150 g jar,,,,,YK-PEPPER-POP-150,150,shopify,100,deny,manual,469,,TRUE,TRUE,,,,,FALSE,,,,g,
pepper-pop,,,,,,,,,500 g refill,,,,,YK-PEPPER-POP-500,500,shopify,100,deny,manual,1337,,TRUE,TRUE,,,,,FALSE,,,,g,
firecracker,Firecracker — Peri Peri Cashews,"<p>Whole cashews tossed in peri peri masala while warm. Real heat, not a dusting.</p><p><strong>Per 30 g serve:</strong> 180 kcal, 5 g protein, 1 g fibre, 14 g fat.</p>",YUKAI Foods,,Peri Peri Cashews,"YUKAI, mehmaan-nawazi, Mehmaan Nawazi, Whole kernel, Spicy, Roasted, never fried",TRUE,Pack size,30 g sachet,,,,,YK-FIRECRACKER-30,30,shopify,100,deny,manual,131,,TRUE,TRUE,,p-firecracker.jpg,1,Firecracker Peri Peri Cashews by YUKAI,FALSE,Firecracker Peri Peri Cashews: Buy Spicy Cashews Online | YUKAI,"Buy peri peri cashews online. Whole roasted kernels tossed in peri peri masala, no palm oil. Delivered pan India.",,g,active
firecracker,,,,,,,,,150 g jar,,,,,YK-FIRECRACKER-150,150,shopify,100,deny,manual,469,,TRUE,TRUE,,,,,FALSE,,,,g,
firecracker,,,,,,,,,500 g refill,,,,,YK-FIRECRACKER-500,500,shopify,100,deny,manual,1337,,TRUE,TRUE,,,,,FALSE,,,,g,
simply-salted,Simply Salted — Almonds,"<p>Whole almonds, lightly salted and roasted. The everyday jar for a daily protein snack.</p><p><strong>Per 30 g serve:</strong> 172 kcal, 6 g protein, 3 g fibre, 14 g fat.</p>",YUKAI Foods,,Almonds,"YUKAI, mehmaan-nawazi, Mehmaan Nawazi, Whole kernel, Salted, High protein",TRUE,Pack size,30 g sachet,,,,,YK-SIMPLY-SALTED-30,30,shopify,100,deny,manual,112,,TRUE,TRUE,,p-simply-salted.jpg,1,Simply Salted Almonds by YUKAI,FALSE,Simply Salted Almonds: Buy Roasted Almonds Online | YUKAI,"Buy roasted salted almonds online. Whole kernels, dry roasted with no palm oil, a high protein everyday snack. Delivered pan India.",,g,active
simply-salted,,,,,,,,,150 g jar,,,,,YK-SIMPLY-SALTED-150,150,shopify,100,deny,manual,399,,TRUE,TRUE,,,,,FALSE,,,,g,
simply-salted,,,,,,,,,500 g refill,,,,,YK-SIMPLY-SALTED-500,500,shopify,100,deny,manual,1137,,TRUE,TRUE,,,,,FALSE,,,,g,
himalayan-bliss,Himalayan Bliss — Pink Salt Makhana,"<p>Puffed makhana finished with Himalayan pink salt, nothing else. The lightest jar in the range.</p><p><strong>Per 30 g serve:</strong> 98 kcal, 3 g protein, 2 g fibre, 2 g fat.</p>",YUKAI Foods,,Pink Salt Makhana,"YUKAI, mehmaan-nawazi, Mehmaan Nawazi, Light, Salted, Roasted, never fried",TRUE,Pack size,30 g sachet,,,,,YK-HIMALAYAN-BLISS-30,30,shopify,100,deny,manual,81,,TRUE,TRUE,,p-himalayan-bliss.jpg,1,Himalayan Bliss Pink Salt Makhana by YUKAI,FALSE,Himalayan Bliss Pink Salt Makhana: Buy Roasted Fox Nuts | YUKAI,"Buy pink salt roasted makhana online. Light, dry roasted fox nuts with Himalayan pink salt, under 100 kcal per 30 g. Delivered pan India.",,g,active
himalayan-bliss,,,,,,,,,150 g jar,,,,,YK-HIMALAYAN-BLISS-150,150,shopify,100,deny,manual,289,,TRUE,TRUE,,,,,FALSE,,,,g,
himalayan-bliss,,,,,,,,,500 g refill,,,,,YK-HIMALAYAN-BLISS-500,500,shopify,100,deny,manual,824,,TRUE,TRUE,,,,,FALSE,,,,g,
power-pods,Power Pods — Protein Edamame,"<p>Roasted young soybeans with a light salt. Thirteen grams of protein in a thirty gram serve.</p><p><strong>Per 30 g serve:</strong> 128 kcal, 13 g protein, 5 g fibre, 4 g fat.</p>",YUKAI Foods,,Protein Edamame,"YUKAI, sehat-ki-baatein, Sehat Ki Baatein, High protein, Vegan, Roasted, never fried",TRUE,Pack size,30 g sachet,,,,,YK-POWER-PODS-30,30,shopify,100,deny,manual,92,,TRUE,TRUE,,p-power-pods.jpg,1,Power Pods Protein Edamame by YUKAI,FALSE,Power Pods Protein Edamame: Buy High Protein Snacks Online | YUKAI,"Buy roasted protein edamame online. 13 g protein per 30 g serve, vegan, no palm oil. A high protein snack for the gym bag or desk drawer.",,g,active
power-pods,,,,,,,,,150 g jar,,,,,YK-POWER-PODS-150,150,shopify,100,deny,manual,329,,TRUE,TRUE,,,,,FALSE,,,,g,
power-pods,,,,,,,,,500 g refill,,,,,YK-POWER-PODS-500,500,shopify,100,deny,manual,938,,TRUE,TRUE,,,,,FALSE,,,,g,
desi-kick,Desi Kick — Indian Masala Edamame,"<p>Roasted edamame in a desi masala blend. Twelve grams of protein with real heat.</p><p><strong>Per 30 g serve:</strong> 130 kcal, 12 g protein, 5 g fibre, 4 g fat.</p>",YUKAI Foods,,Indian Masala Edamame,"YUKAI, sehat-ki-baatein, Sehat Ki Baatein, High protein, Spicy, Vegan",TRUE,Pack size,30 g sachet,,,,,YK-DESI-KICK-30,30,shopify,100,deny,manual,92,,TRUE,TRUE,,p-desi-kick.jpg,1,Desi Kick Indian Masala Edamame by YUKAI,FALSE,Desi Kick Masala Edamame: High Protein Spicy Snack | YUKAI,"Buy masala roasted edamame online. 12 g protein per 30 g serve, vegan, no palm oil, spiced with desi masala. Delivered pan India.",,g,active
desi-kick,,,,,,,,,150 g jar,,,,,YK-DESI-KICK-150,150,shopify,100,deny,manual,329,,TRUE,TRUE,,,,,FALSE,,,,g,
desi-kick,,,,,,,,,500 g refill,,,,,YK-DESI-KICK-500,500,shopify,100,deny,manual,938,,TRUE,TRUE,,,,,FALSE,,,,g,
berry-bliss,Berry Bliss — Strawberry Muesli,"<p>Rolled oats, seeds and freeze-dried strawberry. A breakfast muesli with no added sugar syrup.</p><p><strong>Per 30 g serve:</strong> 142 kcal, 4 g protein, 5 g fibre, 3 g fat.</p>",YUKAI Foods,,Strawberry Muesli,"YUKAI, sehat-ki-baatein, Sehat Ki Baatein, Breakfast, Oats, No refined sugar",TRUE,Pack size,30 g sachet,,,,,YK-BERRY-BLISS-30,30,shopify,100,deny,manual,112,,TRUE,TRUE,,p-berry-bliss.jpg,1,Berry Bliss Strawberry Muesli by YUKAI,FALSE,Berry Bliss Strawberry Muesli: Buy Healthy Breakfast Online | YUKAI,"Buy strawberry muesli online. Rolled oats with freeze-dried strawberry, no refined sugar. A healthy breakfast cereal delivered pan India.",,g,active
berry-bliss,,,,,,,,,150 g jar,,,,,YK-BERRY-BLISS-150,150,shopify,100,deny,manual,399,,TRUE,TRUE,,,,,FALSE,,,,g,
berry-bliss,,,,,,,,,500 g refill,,,,,YK-BERRY-BLISS-500,500,shopify,100,deny,manual,1137,,TRUE,TRUE,,,,,FALSE,,,,g,
pistachio-crunch,Pistachio Crunch — Pista Muesli,"<p>Rolled oats and roasted pistachio, built for a savoury-leaning breakfast bowl.</p><p><strong>Per 30 g serve:</strong> 148 kcal, 5 g protein, 5 g fibre, 4 g fat.</p>",YUKAI Foods,,Pista Muesli,"YUKAI, sehat-ki-baatein, Sehat Ki Baatein, Breakfast, Oats, Pistachio",TRUE,Pack size,30 g sachet,,,,,YK-PISTACHIO-CRUNCH-30,30,shopify,100,deny,manual,120,,TRUE,TRUE,,hero-trio.jpg,1,Pistachio Crunch Pista Muesli by YUKAI,FALSE,Pistachio Crunch Pista Muesli: Buy Healthy Breakfast Online | YUKAI,"Buy pistachio muesli online. Rolled oats with roasted pistachio, no refined sugar. A healthy breakfast cereal delivered pan India.",,g,active
pistachio-crunch,,,,,,,,,150 g jar,,,,,YK-PISTACHIO-CRUNCH-150,150,shopify,100,deny,manual,429,,TRUE,TRUE,,,,,FALSE,,,,g,
pistachio-crunch,,,,,,,,,500 g refill,,,,,YK-PISTACHIO-CRUNCH-500,500,shopify,100,deny,manual,1223,,TRUE,TRUE,,,,,FALSE,,,,g,
gulabi-glow,Gulabi Glow — Rose Millet,"<p>Roasted millet with a rose and jaggery finish. A fibre-forward mid-morning snack.</p><p><strong>Per 30 g serve:</strong> 104 kcal, 4 g protein, 4 g fibre, 2 g fat.</p>",YUKAI Foods,,Rose Millet,"YUKAI, sehat-ki-baatein, Sehat Ki Baatein, Office snack, Millet, Under 110 kcal",TRUE,Pack size,30 g sachet,,,,,YK-GULABI-GLOW-30,30,shopify,100,deny,manual,84,,TRUE,TRUE,,p-gulabi-glow.jpg,1,Gulabi Glow Rose Millet by YUKAI,FALSE,Gulabi Glow Rose Millet Snack: Buy Online | YUKAI,"Buy roasted rose millet snacks online. A fibre-rich, low calorie desk snack with no palm oil. Delivered pan India.",,g,active
gulabi-glow,,,,,,,,,150 g jar,,,,,YK-GULABI-GLOW-150,150,shopify,100,deny,manual,299,,TRUE,TRUE,,,,,FALSE,,,,g,
gulabi-glow,,,,,,,,,500 g refill,,,,,YK-GULABI-GLOW-500,500,shopify,100,deny,manual,852,,TRUE,TRUE,,,,,FALSE,,,,g,
pudina-punch,Pudina Punch — Spicy Mint Millet,"<p>Roasted millet in a spicy mint masala. The savoury millet snack for heat-seekers.</p><p><strong>Per 30 g serve:</strong> 106 kcal, 4 g protein, 4 g fibre, 2 g fat.</p>",YUKAI Foods,,Spicy Mint Millet,"YUKAI, sehat-ki-baatein, Sehat Ki Baatein, Office snack, Millet, Spicy",TRUE,Pack size,30 g sachet,,,,,YK-PUDINA-PUNCH-30,30,shopify,100,deny,manual,84,,TRUE,TRUE,,p-pudina-punch.jpg,1,Pudina Punch Spicy Mint Millet by YUKAI,FALSE,Pudina Punch Spicy Mint Millet Snack: Buy Online | YUKAI,Buy spicy mint roasted millet snacks online. A fibre-rich office snack with no palm oil. Delivered pan India.,,g,active
pudina-punch,,,,,,,,,150 g jar,,,,,YK-PUDINA-PUNCH-150,150,shopify,100,deny,manual,299,,TRUE,TRUE,,,,,FALSE,,,,g,
pudina-punch,,,,,,,,,500 g refill,,,,,YK-PUDINA-PUNCH-500,500,shopify,100,deny,manual,852,,TRUE,TRUE,,,,,FALSE,,,,g,
